step,reward,rel_x,rel_y,rel_z,qw,qx,qy,qz,vx,vy,vz,wx,wy,wz,lidar_0,lidar_1,lidar_2,lidar_3,lidar_4,lidar_5,lidar_6,lidar_7,lidar_8,lidar_9,lidar_10,lidar_11,lidar_12,lidar_13,lidar_14,lidar_15,lidar_16,lidar_17,lidar_18,lidar_19,lidar_20,lidar_21,lidar_22,lidar_23,lidar_24,lidar_25,lidar_26,lidar_27,lidar_28,lidar_29,lidar_30,lidar_31,lidar_32,lidar_33,lidar_34,lidar_35,act_vx,act_vy,act_vz,act_yaw
5,-0.2789642252871489,-0.0912893,0.0051029604,0.8979405,0.99999905,-0.00075594825,-0.0007562999,0.00084540836,2.1684044e-20,7.228015e-21,0.19639586,-0.18136531,-0.1815341,0.20287572,3.0,3.0,3.0,3.0,3.0,3.0,3.0,3.0,3.0,3.0,3.0,3.0,3.0,3.0,3.0,3.0,3.0,3.0,3.0,3.0,3.0,3.0,3.0,3.0,3.0,3.0,3.0,3.0,3.0,3.0,3.0,3.0,3.0,3.0,3.0,3.0,-1.6834216,-0.7211509,0.90891945,-42.314217
10,-0.21843418503138165,-0.09127839,0.0050920974,0.8907346,0.99998003,-0.0035717501,-0.0035835137,0.0037874312,-0.0011885896,0.0011825906,0.4448864,-0.20275334,-0.20301001,0.35446626,3.0,3.0,3.0,3.0,3.0,3.0,3.0,3.0,3.0,3.0,3.0,3.0,3.0,3.0,3.0,3.0,3.0,3.0,3.0,3.0,3.0,3.0,3.0,3.0,3.0,3.0,3.0,3.0,3.0,3.0,3.0,3.0,3.0,3.0,3.0,3.0,-0.25956059,-3.3865948,0.91410756,-40.996933
15,-0.1396949789573266,-0.091211386,0.0050301338,0.8785137,0.99994314,-0.002218088,-0.0052994993,0.008986309,-0.004801969,0.004117363,0.67776316,0.2605168,-0.021639328,0.8127473,3.0,3.0,3.0,3.0,3.0,3.0,3.0,3.0,3.0,3.0,3.0,3.0,3.0,3.0,3.0,3.0,3.0,3.0,3.0,3.0,3.0,3.0,3.0,3.0,3.0,3.0,3.0,3.0,3.0,3.0,3.0,3.0,3.0,3.0,3.0,3.0,-1.4680626,-1.1533184,0.96443534,-37.112587
20,-0.08098544921508599,-0.091059774,0.0049262377,0.8622444,0.9998841,0.00090708374,-0.0066387584,0.013666893,-0.008735957,0.005213355,0.82365716,0.4105726,-0.16144744,0.24781284,3.0,3.0,3.0,3.0,3.0,3.0,3.0,3.0,3.0,3.0,3.0,3.0,3.0,3.0,3.0,3.0,3.0,3.0,3.0,3.0,3.0,3.0,3.0,3.0,3.0,3.0,3.0,3.0,3.0,3.0,3.0,3.0,3.0,3.0,3.0,3.0,-2.08329,1.9006243,0.91727257,-34.579914
25,-0.12247567207658333,-0.09082319,0.004825927,0.8436935,0.9998255,0.0046845158,-0.009761354,0.015224087,-0.012806919,0.004430349,0.9005537,0.43869576,-0.16275872,0.011530508,3.0,3.0,3.0,3.0,3.0,3.0,3.0,3.0,3.0,3.0,3.0,3.0,3.0,3.0,3.0,3.0,3.0,3.0,3.0,3.0,3.0,3.0,3.0,3.0,3.0,3.0,3.0,3.0,3.0,3.0,3.0,3.0,3.0,3.0,3.0,3.0,2.4278584,1.7825022,0.95988595,-40.30072
30,-0.09619210616874085,-0.09048776,0.004767858,0.8239453,0.99980855,0.0075055826,-0.011177836,0.014198659,-0.018270914,0.0015515033,0.9722447,0.26391953,-0.016383847,-0.16268998,3.0,3.0,3.0,3.0,3.0,3.0,3.0,3.0,3.0,3.0,3.0,3.0,3.0,3.0,3.0,3.0,3.0,3.0,3.0,3.0,3.0,3.0,3.0,3.0,3.0,3.0,3.0,3.0,3.0,3.0,3.0,3.0,3.0,3.0,3.0,3.0,-1.3623753,0.34905005,0.91703796,-39.435963
35,0.009865195067917998,-0.090042986,0.0047791684,0.8034085,0.999791,0.009752131,-0.013887098,0.011400934,-0.023027595,-0.0017257663,0.97472626,0.29884452,-0.3206634,-0.45950016,3.0,3.0,3.0,3.0,3.0,3.0,3.0,3.0,3.0,3.0,3.0,3.0,3.0,3.0,3.0,3.0,3.0,3.0,3.0,3.0,3.0,3.0,3.0,3.0,3.0,3.0,3.0,3.0,3.0,3.0,3.0,3.0,3.0,3.0,3.0,3.0,1.1492805,3.0957108,0.74725914,-27.633995
40,-0.035413138475484995,-0.08948497,0.00487149,0.7828344,0.99983114,0.0097286375,-0.013738761,0.007367606,-0.02988994,-0.0066545834,1.014587,-0.12036256,0.075722635,-0.1264922,3.0,3.0,3.0,3.0,3.0,3.0,3.0,3.0,3.0,3.0,3.0,3.0,3.0,3.0,3.0,3.0,3.0,3.0,3.0,3.0,3.0,3.0,3.0,3.0,3.0,3.0,3.0,3.0,3.0,3.0,3.0,3.0,3.0,3.0,3.0,3.0,-0.9731226,-3.7187386,0.96995366,-34.39633
45,0.00015320882942648772,-0.08877801,0.005070977,0.7612011,0.99981976,0.009932576,-0.014622091,0.006928065,-0.035806514,-0.010882842,1.0232025,0.1261462,0.025937311,0.168873,3.0,3.0,3.0,3.0,3.0,3.0,3.0,3.0,3.0,3.0,3.0,3.0,3.0,3.0,3.0,3.0,3.0,3.0,3.0,3.0,3.0,3.0,3.0,3.0,3.0,3.0,3.0,3.0,3.0,3.0,3.0,3.0,3.0,3.0,3.0,3.0,1.4818821,1.9324694,0.6497594,-30.324656
50,-0.04995379111643389,-0.08794895,0.0053556073,0.7395645,0.9997813,0.01075692,-0.014962571,0.009888364,-0.04309652,-0.015993327,1.0716118,0.085482135,-0.21122828,0.41493973,3.0,3.0,3.0,3.0,3.0,3.0,3.0,3.0,3.0,3.0,3.0,3.0,3.0,3.0,3.0,3.0,3.0,3.0,3.0,3.0,3.0,3.0,3.0,3.0,3.0,3.0,3.0,3.0,3.0,3.0,3.0,3.0,3.0,3.0,3.0,3.0,0.9519167,-1.0054803,0.9146366,-36.39245
55,0.19755121433066303,-0.08697519,0.005746261,0.7172245,0.9996822,0.012758913,-0.016498262,0.014161707,-0.048947535,-0.020497538,1.0628651,0.012067552,-0.12666695,0.31088763,3.0,3.0,3.0,3.0,3.0,3.0,3.0,3.0,3.0,3.0,3.0,3.0,3.0,3.0,3.0,3.0,3.0,3.0,3.0,3.0,3.0,3.0,3.0,3.0,3.0,3.0,3.0,3.0,3.0,3.0,3.0,3.0,3.0,3.0,3.0,3.0,-0.72418165,-3.2980962,0.9523494,11.435406
60,0.0003943528434483534,-0.08586984,0.0062417025,0.69503725,0.9996502,0.013322301,-0.01857185,0.013310313,-0.055858687,-0.025956778,1.064233,-0.0300685,-0.055804618,-0.29625258,3.0,3.0,3.0,3.0,3.0,3.0,3.0,3.0,3.0,3.0,3.0,3.0,3.0,3.0,3.0,3.0,3.0,3.0,3.0,3.0,3.0,3.0,3.0,3.0,3.0,3.0,3.0,3.0,3.0,3.0,3.0,3.0,3.0,3.0,3.0,3.0,0.25792408,0.85971117,0.9751322,-31.69014
65,0.12544170428769746,-0.084590405,0.006867812,0.6722488,0.9997305,0.012724324,-0.017793983,0.007770607,-0.06498819,-0.032653645,1.1102215,-0.15741907,0.071583755,-0.46713907,3.0,3.0,3.0,3.0,3.0,3.0,3.0,2.7939746,3.0,3.0,3.0,3.0,3.0,3.0,3.0,3.0,3.0,3.0,3.0,3.0,3.0,3.0,3.0,3.0,3.0,3.0,3.0,3.0,3.0,3.0,3.0,3.0,3.0,3.0,3.0,3.0,-2.557504,-2.026132,0.9905211,-19.588102
70,0.2727748542334247,-0.08313508,0.007622016,0.64880824,0.99977374,0.011020971,-0.018156797,0.0011777203,-0.07277757,-0.03825111,1.1257951,-0.33518344,-0.10119298,-0.5471049,3.0,3.0,3.0,3.0,3.0,3.0,3.0,2.807567,3.0,3.0,3.0,3.0,3.0,3.0,3.0,3.0,3.0,3.0,3.0,3.0,3.0,3.0,3.0,3.0,3.0,3.0,3.0,3.0,3.0,3.0,3.0,2.600449,2.3319736,3.0,3.0,3.0,3.791461,-2.7699146,0.911662,-0.6853409
75,0.023451696969496616,-0.08153538,0.008469483,0.62557644,0.9997772,0.00879346,-0.018665908,-0.004454851,-0.07993164,-0.042430867,1.1203507,-0.32448268,-0.12893446,-0.58870614,3.0,3.0,3.0,3.0,3.0,3.0,3.0,2.8198035,3.0,3.0,3.0,3.0,3.0,3.0,3.0,3.0,3.0,3.0,3.0,3.0,3.0,3.0,3.0,3.0,3.0,3.0,3.0,3.0,3.0,3.0,3.0,3.0,2.299783,3.0,3.0,3.0,-1.2581336,0.716177,0.97010446,-29.755135
80,0.2523092679057295,-0.07976369,0.009400696,0.60194767,0.99975574,0.005378355,-0.020510117,-0.006236664,-0.08849506,-0.045944363,1.1419781,-0.227402,-0.28554925,-0.117691055,3.0,3.0,3.0,3.0,3.0,3.0,3.0,2.8241956,3.0,3.0,3.0,3.0,3.0,3.0,3.0,3.0,3.0,3.0,3.0,3.0,3.0,3.0,3.0,3.0,3.0,3.0,3.0,3.0,3.0,3.0,3.0,3.0,2.2888935,3.0,3.0,3.0,-4.0045547,-0.84923077,0.8918221,-6.6993217
85,0.29904159783027146,-0.07780598,0.010385917,0.5779498,0.99967736,0.0033630964,-0.023753146,-0.008344713,-0.09788884,-0.04810006,1.1603544,-0.3578874,-0.41152808,0.03744948,3.0,3.0,3.0,3.0,3.0,3.0,3.0,2.8296213,3.0,3.0,3.0,3.0,3.0,3.0,3.0,3.0,3.0,3.0,3.0,3.0,3.0,3.0,3.0,3.0,3.0,3.0,3.0,3.0,3.0,3.0,3.0,3.0,2.2763424,3.0,3.0,3.0,-0.5501375,0.32208204,0.9889157,3.137352
90,0.21671513018156896,-0.07563689,0.011401724,0.5536218,0.9996216,-0.0017042172,-0.026852524,-0.0057121036,-0.108520284,-0.048884347,1.1723177,-0.51048017,-0.032705307,0.3955863,3.0,3.0,3.0,3.0,3.0,3.0,3.0,2.8247445,3.0,3.0,3.0,3.0,3.0,3.0,3.0,3.0,3.0,3.0,3.0,3.0,3.0,3.0,3.0,3.0,3.0,3.0,3.0,3.0,3.0,3.0,3.0,3.0,2.2893434,3.0,3.0,3.0,-3.5016954,-2.7601786,0.9779594,-10.806557
95,0.023142244001039203,-0.073220536,0.012408255,0.52886146,0.9995698,-0.004195384,-0.028555823,-0.005214194,-0.120556645,-0.04775802,1.1896461,-0.07352044,-0.047079746,-0.08840285,3.0,3.0,3.0,3.0,3.0,3.0,3.0,3.0,3.0,3.0,3.0,3.0,3.0,3.0,3.0,3.0,3.0,3.0,3.0,3.0,3.0,3.0,3.0,3.0,3.0,3.0,3.0,3.0,3.0,3.0,3.0,3.0,3.0,3.0,3.0,3.0,1.9973044,0.44170952,0.9903531,-32.214794
100,0.033408016033903365,-0.07056265,0.013378742,0.5040398,0.9995919,-0.0045348504,-0.02742429,-0.00658556,-0.13219824,-0.04576269,1.1916765,0.07411981,0.30261752,0.0046734954,3.0,3.0,3.0,3.0,3.0,3.0,3.0,3.0,3.0,3.0,3.0,3.0,3.0,3.0,3.0,3.0,3.0,3.0,3.0,3.0,3.0,3.0,3.0,3.0,3.0,3.0,3.0,3.0,3.0,3.0,3.0,3.0,3.0,3.0,3.0,3.0,-0.63803005,0.19987535,0.917318,-30.90695
105,-0.23418828098625313,1.9323263,0.014306908,1.4792714,0.99968255,-0.004407843,-0.024730718,-0.0019491569,-0.14244291,-0.04382412,1.1792072,0.10201918,0.3773406,0.7275271,3.0,3.0,3.0,3.0,3.0,3.0,3.0,3.0,3.0,3.0,3.0,3.0,3.0,3.0,3.0,3.0,3.0,3.0,3.0,3.0,3.0,3.0,3.0,3.0,3.0,3.0,3.0,3.0,3.0,3.0,3.0,3.0,3.0,3.0,3.0,3.0,4.864644,-0.5609493,0.99532986,-43.951878
110,-0.10539434455839058,1.9354041,0.015199705,1.4549382,0.99980825,-0.00016838385,-0.017127218,0.009490274,-0.15118258,-0.042342648,1.1654139,0.4117845,0.9792458,1.1542823,3.0,3.0,3.0,3.0,3.0,3.0,3.0,3.0,3.0,3.0,3.0,3.0,3.0,3.0,3.0,3.0,3.0,3.0,3.0,3.0,3.0,3.0,3.0,3.0,3.0,3.0,3.0,3.0,3.0,3.0,3.0,3.0,3.0,3.0,3.0,3.0,1.2329378,-0.6767993,0.94496703,-29.369598
115,-0.19496126412149056,1.9386272,0.016083248,1.4308234,0.9997743,0.0031567726,-0.0038043037,0.020662758,-0.15667064,-0.04273483,1.1610446,0.031076575,1.3192585,1.0159721,3.0,3.0,3.0,3.0,3.0,3.0,3.0,3.0,3.0,3.0,3.0,3.0,3.0,3.0,3.0,3.0,3.0,3.0,3.0,3.0,3.0,3.0,3.0,3.0,3.0,3.0,3.0,3.0,3.0,3.0,3.0,3.0,3.0,3.0,3.0,3.0,1.1213875,-3.142531,0.92965007,-37.718285
120,-0.2317461118083119,1.9419012,0.01699052,1.4066329,0.9994754,0.0048848544,0.010304721,0.030311702,-0.15668201,-0.04421085,1.16477,0.12427286,1.4718426,0.6645684,3.0,3.0,3.0,3.0,3.0,3.0,3.0,3.0,3.0,3.0,3.0,3.0,3.0,3.0,3.0,3.0,3.0,3.0,3.0,3.0,3.0,3.0,3.0,3.0,3.0,3.0,3.0,3.0,3.0,3.0,3.0,3.0,3.0,3.0,3.0,3.0,-4.197061,2.449709,0.96684813,-41.208923
125,-0.20137596906725005,1.9451077,0.017932406,1.3825316,0.99907595,0.0057749967,0.022954457,0.035874803,-0.15145719,-0.045882337,1.1495358,0.01764862,1.137193,0.3184597,3.0,3.0,3.0,3.0,3.0,3.0,3.0,3.0,3.0,3.0,3.0,3.0,3.0,3.0,3.0,3.0,3.0,3.0,3.0,3.0,3.0,3.0,3.0,3.0,3.0,3.0,3.0,3.0,3.0,3.0,3.0,3.0,3.0,3.0,3.0,3.0,-0.5232935,-0.13360119,0.9402002,-39.084503
130,-0.2197919552057278,1.9481356,0.018913748,1.3585293,0.99873346,0.0050682984,0.03490298,0.0358823,-0.14146358,-0.047770865,1.1385641,-0.3091989,1.0811992,0.08836955,3.0,3.0,3.0,3.0,3.0,3.0,3.0,3.0,3.0,3.0,3.0,3.0,3.0,3.0,3.0,3.0,3.0,3.0,3.0,3.0,3.0,3.0,3.0,3.0,3.0,3.0,3.0,3.0,3.0,3.0,3.0,2.6231143,2.5319157,3.0,3.0,3.0,-1.4455435,-3.0638494,0.94130874,-40.74675
135,-0.047457193316879476,1.9508953,0.019928029,1.3347853,0.99845237,0.0035021799,0.044528637,0.033132937,-0.1268325,-0.049120113,1.1285918,-0.30467582,0.8438507,-0.1983493,3.0,3.0,3.0,3.0,3.0,3.0,3.0,3.0,3.0,3.0,3.0,3.0,3.0,3.0,3.0,3.0,3.0,3.0,3.0,3.0,3.0,3.0,3.0,3.0,3.0,3.0,3.0,3.0,3.0,3.0,3.0,2.5511804,2.5113566,3.0,3.0,3.0,1.1404877,-3.2633626,0.93387365,-23.869549
140,-0.23795564330868424,1.9532909,0.020961827,1.3111504,0.998076,0.0034555702,0.05302257,0.031951338,-0.10772277,-0.04985591,1.126344,-0.096008115,0.7022187,-0.037878036,3.0,3.0,3.0,3.0,3.0,3.0,3.0,3.0,3.0,3.0,3.0,3.0,3.0,3.0,3.0,3.0,3.0,3.0,3.0,3.0,3.0,3.0,3.0,3.0,3.0,3.0,3.0,3.0,3.0,3.0,3.0,2.4947195,2.5016253,3.0,3.0,3.0,1.4494157,3.270585,0.9317384,-43.591953
145,-0.17523724430019866,1.9551951,0.022008453,1.2871361,0.99762464,0.0014141047,0.06242279,0.029094713,-0.08116524,-0.050324604,1.1599311,-0.17924851,0.8873244,-0.22747844,3.0,3.0,3.0,3.0,3.0,3.0,3.0,3.0,3.0,3.0,3.0,3.0,3.0,3.0,3.0,3.0,3.0,3.0,3.0,3.0,3.0,3.0,3.0,3.0,3.0,3.0,3.0,3.0,3.0,3.0,3.0,2.5171902,2.4798841,3.0,3.0,3.0,-1.7291303,1.1054068,0.9382944,-37.4282
150,-0.24350974136974607,1.9566087,0.023053462,1.2633641,0.99713326,0.00014764107,0.0701538,0.028349942,-0.05951211,-0.049993165,1.1214212,-0.21141198,0.65962255,-0.03140561,3.0,3.0,3.0,3.0,3.0,3.0,3.0,3.0,3.0,3.0,3.0,3.0,3.0,3.0,3.0,3.0,3.0,3.0,3.0,3.0,3.0,3.0,3.0,3.0,3.0,3.0,3.0,3.0,3.0,3.0,3.0,2.5326552,2.4725986,3.0,3.0,3.0,0.6584101,1.2359457,0.90446305,-44.690926
155,-0.23309199081509144,1.9574481,0.024082266,1.2397684,0.99662656,-0.0029879336,0.07763442,0.026446758,-0.029665716,-0.04892263,1.1223086,-0.40797856,0.61808515,-0.13597293,3.0,3.0,3.0,3.0,3.0,3.0,3.0,3.0,3.0,3.0,3.0,3.0,3.0,3.0,3.0,3.0,3.0,3.0,3.0,3.0,3.0,3.0,3.0,3.0,3.0,3.0,3.0,3.0,3.0,3.0,3.0,2.6524773,2.4568305,3.0,3.0,3.0,2.0367818,-1.6446936,0.93846035,-43.98387
160,-0.17580044027006786,1.9577435,0.025080422,1.2169055,0.9960335,-0.0051120087,0.084885694,0.026182778,-0.005677476,-0.047247726,1.0669014,-0.28441697,0.5745598,0.13515836,3.0,3.0,3.0,3.0,3.0,3.0,3.0,3.0,3.0,3.0,3.0,3.0,3.0,3.0,3.0,3.0,3.0,3.0,3.0,3.0,3.0,3.0,3.0,3.0,3.0,3.0,3.0,3.0,3.0,3.0,3.0,3.0,2.452189,3.0,3.0,3.0,0.46662283,2.5376697,0.9372246,-38.058296
165,-0.119961989686997,1.9573854,0.026021829,1.194471,0.99546385,-0.009374122,0.090884306,0.026531622,0.029002652,-0.043936122,1.0617381,-0.52312756,0.53071517,0.12845112,3.0,3.0,3.0,3.0,3.0,3.0,3.0,3.0,3.0,3.0,3.0,3.0,3.0,3.0,3.0,3.0,3.0,3.0,3.0,3.0,3.0,3.0,3.0,3.0,3.0,3.0,3.0,3.0,3.0,3.0,3.0,3.0,2.4505115,3.0,3.0,3.0,2.208352,0.83422756,0.9780648,-32.89641
170,-0.06340854144416005,1.9562799,0.026870888,1.1721897,0.99496675,-0.014752293,0.09618541,0.023915652,0.063265055,-0.03916739,1.0414621,-0.4444172,0.37138814,-0.3594031,3.0,3.0,3.0,3.0,3.0,3.0,3.0,3.0,3.0,3.0,3.0,3.0,3.0,3.0,3.0,3.0,3.0,3.0,3.0,3.0,3.0,3.0,3.0,3.0,3.0,3.0,3.0,3.0,3.0,3.0,3.0,3.0,2.4978712,3.0,3.0,3.0,3.2055817,0.8603573,0.98176885,-27.665035
175,-0.20686972296726708,1.9542935,0.027566215,1.1496235,0.99456745,-0.019654423,0.10043677,0.019018963,0.109084375,-0.030695464,1.0705726,-0.44243816,0.39941356,-0.36092898,3.0,3.0,3.0,3.0,3.0,3.0,3.0,3.0,3.0,3.0,3.0,3.0,3.0,3.0,3.0,3.0,3.0,3.0,3.0,3.0,3.0,3.0,3.0,3.0,3.0,3.0,3.0,3.0,3.0,3.0,3.0,3.0,2.676049,3.0,3.0,3.0,1.869957,-3.517872,0.8589783,-42.581547
180,0.18685362594069022,1.9515375,0.02810087,1.1275122,0.99406725,-0.021417387,0.10515645,0.017711587,0.14597529,-0.022629144,1.0453966,-0.11868097,0.44691718,0.08369419,3.0,3.0,3.0,3.0,3.0,3.0,3.0,3.0,3.0,3.0,3.0,3.0,3.0,3.0,3.0,3.0,3.0,3.0,3.0,3.0,3.0,3.0,3.0,3.0,3.0,3.0,3.0,3.0,3.0,3.0,3.0,3.0,2.7439005,3.0,3.0,3.0,-1.7325611,-2.4960134,0.76865315,1.9746056
185,-0.2080831986777051,1.9481039,0.028483996,1.1064581,0.993742,-0.021661868,0.10847086,0.0155448355,0.17693666,-0.015668206,0.98492223,-0.08447268,0.30427653,-0.37626427,3.0,3.0,3.0,3.0,3.0,3.0,3.0,3.0,3.0,3.0,3.0,3.0,3.0,3.0,3.0,3.0,3.0,3.0,3.0,3.0,3.0,3.0,3.0,3.0,3.0,3.0,3.0,3.0,3.0,3.0,3.0,3.0,2.8079758,3.0,3.0,3.0,0.18529606,1.7593145,0.71156096,-43.193626
190,-0.21066886422078324,1.9436959,0.028652657,1.0852191,0.9935303,-0.023497518,0.11060756,0.010557756,0.23394029,-0.0032061595,1.0387992,-0.3937894,0.26816797,-0.4705286,3.0,3.0,3.0,3.0,3.0,3.0,3.0,3.0,3.0,3.0,3.0,3.0,3.0,3.0,3.0,3.0,3.0,3.0,3.0,3.0,3.0,3.0,3.0,3.0,3.0,3.0,3.0,3.0,3.0,3.0,3.0,3.0,3.0,3.0,3.0,3.0,-2.2252905,-1.5546691,0.9235296,-44.3788
195,-0.14051881024188917,1.9384258,0.028629089,1.0643705,0.9932556,-0.025518468,0.11297037,0.0054617273,0.27068967,0.005232238,0.99723583,-0.18954694,0.23430881,-0.23886622,3.0,3.0,3.0,3.0,3.0,3.0,3.0,3.0,3.0,3.0,3.0,3.0,3.0,3.0,3.0,3.0,3.0,3.0,3.0,3.0,3.0,3.0,3.0,3.0,3.0,3.0,3.0,3.0,3.0,3.0,3.0,3.0,3.0,3.0,3.0,3.0,1.0321717,-0.130692,0.9540181,-38.62769
200,-0.02756977679194622,1.9323174,0.02841104,1.0441065,0.9928221,-0.025768586,0.116679735,0.005105366,0.3027143,0.012668334,0.931862,-0.07348955,0.29798573,0.052473225,3.0,3.0,3.0,3.0,3.0,3.0,3.0,3.0,3.0,3.0,3.0,3.0,3.0,3.0,3.0,3.0,3.0,3.0,3.0,3.0,3.0,3.0,3.0,3.0,3.0,3.0,3.0,3.0,3.0,3.0,3.0,3.0,3.0,3.0,3.0,3.0,2.6378622,1.2148666,0.94669724,-27.463032
205,-0.13769175186090848,1.9252901,0.027981667,1.0242186,0.9922421,-0.02842113,0.120927386,0.0049393084,0.35725325,0.025300805,0.95553225,-0.11322009,0.32048312,0.01697834,3.0,3.0,3.0,3.0,3.0,3.0,3.0,3.0,3.0,3.0,3.0,3.0,3.0,3.0,3.0,3.0,3.0,3.0,3.0,3.0,3.0,3.0,3.0,3.0,3.0,3.0,3.0,3.0,3.0,3.0,3.0,3.0,3.0,3.0,3.0,3.0,-2.708426,-0.1386137,0.91663265,-38.8784
210,0.1579232991287749,1.9172816,0.02731758,1.0045692,0.9920448,-0.0278671,0.12260707,0.006162773,0.40637794,0.037184246,0.9501049,0.10641037,0.01895447,0.17978364,3.0,3.0,3.0,3.0,3.0,3.0,3.0,3.0,3.0,3.0,3.0,3.0,3.0,3.0,3.0,3.0,3.0,3.0,3.0,3.0,3.0,3.0,3.0,3.0,3.0,3.0,3.0,3.0,3.0,3.0,3.0,3.0,3.0,3.0,3.0,3.0,0.7108555,0.74541473,0.7902669,-10.65995
215,-0.1550194875440024,1.9082291,0.0264044,0.98497677,0.9917472,-0.027181586,0.12504208,0.0079454975,0.44483227,0.046269123,0.9001882,0.12146461,0.27309227,0.18160725,3.0,3.0,3.0,3.0,3.0,3.0,3.0,3.0,3.0,3.0,3.0,3.0,3.0,3.0,3.0,3.0,3.0,3.0,3.0,3.0,3.0,3.0,3.0,3.0,3.0,3.0,3.0,3.0,3.0,3.0,3.0,3.0,3.0,3.0,3.0,3.0,-1.4960699,-0.5307741,0.91971684,-41.76857
220,0.006647673738686188,1.8982282,0.025274754,0.96588916,0.9916487,-0.024798555,0.12627248,0.008552384,0.49653512,0.057880368,0.89943796,0.18285492,0.15688874,-0.0129784085,3.0,3.0,3.0,3.0,3.0,3.0,3.0,3.0,3.0,3.0,3.0,3.0,3.0,3.0,3.0,3.0,3.0,3.0,3.0,3.0,3.0,3.0,3.0,3.0,3.0,3.0,3.0,3.0,3.0,3.0,3.0,3.0,3.0,3.0,3.0,3.0,-2.117846,2.3863273,0.46325922,-26.227224
225,0.097544876423308,1.8875331,0.023996515,0.9483275,0.991326,-0.024529653,0.12888181,0.0077836723,0.52580947,0.06387442,0.8098726,-0.11058699,0.32137784,-0.13615075,3.0,3.0,3.0,3.0,3.0,3.0,3.0,3.0,3.0,3.0,3.0,3.0,3.0,3.0,3.0,3.0,3.0,3.0,3.0,3.0,3.0,3.0,3.0,3.0,3.0,3.0,3.0,3.0,3.0,3.0,3.0,3.0,3.0,3.0,3.0,3.0,-3.94599,-2.7432466,0.76133394,-16.014757
230,0.06944590182363769,1.8763118,0.022611989,0.93297404,0.9908704,-0.0254586,0.1322417,0.006311885,0.5472408,0.06819626,0.68837386,-0.10994082,0.32112932,-0.13614109,3.0,3.0,3.0,3.0,3.0,3.0,3.0,3.0,3.0,3.0,3.0,3.0,3.0,3.0,3.0,3.0,3.0,3.0,3.0,3.0,3.0,3.0,3.0,3.0,3.0,3.0,3.0,3.0,3.0,3.0,3.0,3.0,3.0,3.0,3.0,3.0,-4.7968063,-3.482101,0.66135216,-17.813612
235,0.19801239774878132,1.8646172,0.021131957,0.9200795,0.99045813,-0.026149688,0.13524954,0.0040481393,0.5721664,0.07322391,0.5775681,-0.050608788,0.19489875,-0.36088073,3.0,3.0,3.0,3.0,3.0,3.0,3.0,3.0,3.0,3.0,3.0,3.0,3.0,3.0,3.0,3.0,3.0,3.0,3.0,3.0,3.0,3.0,3.0,3.0,3.0,3.0,3.0,3.0,3.0,3.0,3.0,3.0,3.0,3.0,3.0,3.0,-4.3574586,-2.497283,0.8375728,1.578083
240,-0.08115474330752315,1.8523346,0.019534586,0.9092686,0.9903864,-0.025111621,0.13601919,-0.0016942298,0.60487777,0.079647206,0.4929121,0.123268075,-0.10714589,-0.77998024,3.0,3.0,3.0,3.0,3.0,3.0,3.0,3.0,3.0,3.0,3.0,3.0,3.0,3.0,3.0,3.0,3.0,3.0,3.0,3.0,3.0,3.0,3.0,3.0,3.0,3.0,3.0,3.0,3.0,3.0,3.0,3.0,3.0,3.0,3.0,3.0,-2.9349213,2.204813,0.7885699,32.418495
245,0.11006108133502907,1.8386972,0.017686673,0.89781386,0.9908848,-0.022088852,0.13270608,-0.0069692237,0.6901208,0.09489969,0.5970884,0.1957624,-0.49044785,-0.21282032,3.0,3.0,3.0,3.0,3.0,3.0,3.0,3.0,3.0,3.0,3.0,3.0,3.0,3.0,3.0,3.0,3.0,3.0,3.0,3.0,3.0,3.0,3.0,3.0,3.0,3.0,3.0,3.0,3.0,3.0,3.0,3.0,3.0,3.0,3.0,3.0,1.7725177,-3.0930762,0.7629887,16.48211
250,0.10538189946375315,1.8230572,0.01551146,0.88326347,0.9913348,-0.01824599,0.12990318,-0.00689527,0.7865075,0.109732,0.7502292,0.31714323,-0.40805337,0.18623485,3.0,3.0,3.0,3.0,3.0,3.0,3.0,3.0,3.0,3.0,3.0,3.0,3.0,3.0,3.0,3.0,3.0,3.0,3.0,3.0,3.0,3.0,3.0,3.0,3.0,3.0,3.0,3.0,3.0,3.0,3.0,3.0,3.0,3.0,3.0,3.0,3.2217407,-1.1047745,0.9841697,20.478607
255,0.29414885101583393,1.8056378,0.013090063,0.86626583,0.9918363,-0.013048439,0.12678166,-0.0041114218,0.8663073,0.11977466,0.850061,0.34965116,-0.28311083,0.0875895,3.0,3.0,3.0,3.0,3.0,3.0,3.0,3.0,3.0,3.0,3.0,3.0,3.0,3.0,3.0,3.0,3.0,3.0,3.0,3.0,3.0,3.0,3.0,3.0,3.0,3.0,3.0,3.0,3.0,3.0,3.0,3.0,3.0,3.0,3.0,3.0,1.2430105,-3.0522585,0.9133898,2.260353
260,0.18393097307610862,1.7867277,0.010512938,0.8477292,0.99233925,-0.006892495,0.12334968,-0.0004152655,0.9332378,0.12565771,0.90966374,0.40266758,-0.24630395,0.12074664,3.0,3.0,3.0,3.0,3.0,3.0,3.0,3.0,3.0,3.0,3.0,3.0,3.0,3.0,3.0,3.0,3.0,3.0,3.0,3.0,3.0,3.0,3.0,3.0,3.0,3.0,3.0,3.0,3.0,3.0,3.0,3.0,3.0,3.0,3.0,3.0,0.6068125,-1.7169528,0.7397547,16.358707
265,0.03729828584691003,1.7665603,0.00785826,0.82838476,0.9925543,-0.004002437,0.12173688,4.8609203e-05,0.9840724,0.1280992,0.9131367,0.14924222,-0.05692828,-0.10098219,3.0,3.0,3.0,3.0,3.0,3.0,3.0,3.0,3.0,3.0,3.0,3.0,3.0,3.0,3.0,3.0,3.0,3.0,3.0,3.0,3.0,3.0,3.0,3.0,3.0,3.0,3.0,3.0,3.0,3.0,3.0,3.0,3.0,3.0,3.0,3.0,-2.9417765,0.6406622,0.8659568,32.28659
270,0.21760545624980504,1.7454731,0.0051734042,0.8094826,0.992892,-0.0013248164,0.11900657,0.0010745374,1.0279782,0.12922828,0.8919018,0.3299956,-0.28454864,0.1163689,3.0,3.0,3.0,3.0,3.0,3.0,3.0,3.0,3.0,3.0,3.0,3.0,3.0,3.0,3.0,3.0,3.0,3.0,3.0,3.0,3.0,3.0,3.0,3.0,3.0,3.0,3.0,3.0,3.0,3.0,3.0,3.0,3.0,3.0,3.0,3.0,2.3506756,3.3397398,0.9474714,-14.616009
275,0.09572031641972667,1.7233332,0.0024740032,0.7904005,0.9928996,0.0012392821,0.118923135,0.0024778885,1.0744935,0.12953539,0.8855178,0.24497676,-0.056994595,0.24949776,3.0,3.0,3.0,3.0,3.0,3.0,3.0,3.0,3.0,3.0,3.0,3.0,3.0,3.0,3.0,3.0,3.0,3.0,3.0,3.0,3.0,3.0,3.0,3.0,3.0,3.0,3.0,3.0,3.0,3.0,3.0,3.0,3.0,3.0,3.0,3.0,-0.30511856,1.3513784,0.95781803,-28.030745
280,0.013348132082143915,1.7003373,-0.00021652423,0.7718942,0.9932396,0.0014108283,0.115985304,0.0045318007,1.1213603,0.1288402,0.88250893,-0.13530688,-0.24911968,-0.013629562,3.0,3.0,3.0,3.0,3.0,3.0,3.0,3.0,3.0,3.0,3.0,3.0,3.0,3.0,3.0,3.0,3.0,3.0,3.0,3.0,3.0,3.0,3.0,3.0,3.0,3.0,3.0,3.0,3.0,3.0,3.0,3.0,3.0,3.0,3.0,3.0,-2.3048377,-1.0315955,0.9391426,-36.95173
285,-0.04301909994554004,1.6763624,-0.002892676,0.75335693,0.99390364,0.0014986007,0.11014364,0.0046546324,1.1745938,0.12821405,0.91375613,0.04138717,-0.60279804,0.03489975,3.0,3.0,3.0,3.0,3.0,3.0,3.0,3.0,3.0,3.0,3.0,3.0,3.0,3.0,3.0,3.0,3.0,3.0,3.0,3.0,3.0,3.0,3.0,3.0,3.0,3.0,3.0,3.0,3.0,3.0,3.0,3.0,3.0,3.0,3.0,3.0,2.0592346,1.341629,0.8527427,-43.53213
290,-0.024183784654494667,1.651128,-0.005555186,0.7333475,0.99443126,-0.0011180196,0.10536535,0.0018247251,1.2324677,0.12764092,0.9790316,-0.30785304,-0.4348166,-0.44450304,3.0,3.0,3.0,3.0,3.0,3.0,3.0,3.0,3.0,3.0,3.0,3.0,3.0,3.0,3.0,3.0,3.0,3.0,3.0,3.0,3.0,3.0,3.0,3.0,3.0,3.0,3.0,3.0,3.0,3.0,3.0,3.0,3.0,3.0,3.0,3.0,0.025019646,2.9178715,0.9521625,-42.90084
295,0.3737041566156888,1.6247658,-0.008222982,0.71215045,0.9949998,-0.0038906015,0.099787086,0.0016726808,1.2869853,0.12856151,1.043328,-0.01526209,-0.50489914,0.06692304,3.0,3.0,3.0,3.0,3.0,3.0,3.0,3.0,3.0,3.0,3.0,3.0,3.0,3.0,3.0,3.0,3.0,3.0,3.0,3.0,3.0,3.0,3.0,3.0,3.0,3.0,3.0,3.0,3.0,3.0,3.0,3.0,3.0,3.0,3.0,3.0,1.5722156,-0.43362236,0.81970716,-4.6947823
300,0.04383683339635691,1.5974859,-0.010917863,0.6905099,0.9954046,-0.0052415053,0.095591225,0.0021294171,1.3197446,0.12970556,1.0135252,-0.2735653,-0.49774462,0.03981803,3.0,3.0,3.0,3.0,3.0,3.0,3.0,3.0,3.0,3.0,3.0,3.0,3.0,3.0,3.0,3.0,3.0,3.0,3.0,3.0,3.0,3.0,3.0,3.0,3.0,3.0,3.0,3.0,3.0,3.0,3.0,3.0,3.0,3.0,3.0,3.0,1.2835608,1.0599089,0.91499066,-38.291374
305,0.23124945099830918,1.5694488,-0.013651329,0.6689737,0.9959688,-0.009686546,0.089147866,-0.0022104024,1.3598938,0.13221811,1.0320442,-0.52070254,-0.74862427,-0.45489317,3.0,3.0,3.0,3.0,3.0,3.0,3.0,3.0,3.0,3.0,3.0,3.0,3.0,3.0,3.0,3.0,3.0,3.0,3.0,3.0,3.0,3.0,3.0,3.0,3.0,3.0,3.0,3.0,3.0,3.0,3.0,3.0,3.0,3.0,3.0,3.0,0.12962866,-2.917067,0.9784492,-19.24633
310,0.2075971866176214,1.5406151,-0.016460864,0.64703727,0.9965732,-0.015361233,0.08069473,-0.009709533,1.397196,0.13658263,1.0532727,-0.740104,-0.9044169,-0.70758265,3.0,3.0,3.0,3.0,3.0,3.0,3.0,3.0,3.0,3.0,3.0,3.0,3.0,3.0,3.0,3.0,3.0,3.0,3.0,3.0,3.0,3.0,3.0,3.0,3.0,3.0,3.0,3.0,3.0,3.0,3.0,3.0,3.0,3.0,3.0,3.0,-0.40375042,-1.9728236,0.98593855,-21.828474
315,0.0011271924771261155,1.5111209,-0.01938096,0.6250459,0.9973046,-0.02295653,0.06756209,-0.017083412,1.4258083,0.14257225,1.0468243,-0.9104671,-1.4771847,-0.44794363,3.0,3.0,3.0,3.0,3.0,3.0,3.0,3.0,3.0,3.0,3.0,3.0,3.0,3.0,3.0,3.0,3.0,3.0,3.0,3.0,3.0,3.0,3.0,3.0,3.0,3.0,3.0,3.0,3.0,3.0,3.0,3.0,3.0,3.0,3.0,3.0,-2.437077,-0.53377056,0.90409493,-41.922108
320,-0.009251325333972327,1.4811085,-0.022465194,0.60321355,0.99790055,-0.030994818,0.052512884,-0.02182166,1.4499738,0.15220103,1.0507873,-0.818415,-1.514337,-0.22485375,3.0,3.0,3.0,3.0,3.0,3.0,3.0,3.0,3.0,3.0,3.0,3.0,3.0,3.0,3.0,3.0,3.0,3.0,3.0,3.0,3.0,3.0,3.0,3.0,3.0,3.0,3.0,3.0,3.0,3.0,3.0,3.0,3.0,3.0,3.0,3.0,-0.5952797,2.5980468,0.94824314,-43.70369
325,0.004275796666988518,1.4506658,-0.025796134,0.5812397,0.9983734,-0.040729187,0.03287762,-0.022599274,1.4683896,0.1660846,1.0647693,-0.9305755,-2.130799,0.039645705,3.0,3.0,3.0,3.0,3.0,3.0,3.0,3.0,3.0,3.0,3.0,3.0,3.0,3.0,3.0,3.0,3.0,3.0,3.0,3.0,3.0,3.0,3.0,3.0,3.0,3.0,3.0,3.0,3.0,3.0,3.0,3.0,3.0,3.0,3.0,3.0,0.17777395,2.5161839,0.9892492,-41.620815
330,-0.019341286624709852,1.4199038,-0.02951855,0.5583671,0.9983811,-0.05355909,0.0069692708,-0.017833674,1.4797394,0.18702334,1.1097187,-1.3047311,-2.4546287,0.9252233,3.0,3.0,3.0,3.0,3.0,3.0,3.0,3.0,3.0,3.0,3.0,3.0,3.0,3.0,3.0,3.0,3.0,3.0,3.0,3.0,3.0,3.0,3.0,3.0,3.0,3.0,3.0,3.0,3.0,3.0,3.0,3.0,3.0,3.0,3.0,3.0,-0.8277116,2.3070002,0.9577372,-43.173252
335,-0.048259460289307554,1.3890857,-0.033725973,0.53493434,0.9974155,-0.06742608,-0.023330005,-0.008474686,1.476875,0.21395048,1.1437007,-1.5255542,-3.079386,1.26308,3.0,3.0,3.0,3.0,3.0,3.0,3.0,3.0,3.0,3.0,3.0,3.0,3.0,3.0,3.0,3.0,3.0,3.0,3.0,3.0,3.0,3.0,3.0,3.0,3.0,3.0,3.0,3.0,3.0,3.0,3.0,3.0,3.0,3.0,3.0,3.0,-3.7240047,2.8925524,0.945441,-44.521656
340,-0.03305204406345519,1.3585151,-0.03860784,0.5105629,0.99491644,-0.08252824,-0.05761719,0.0032600805,1.4592363,0.24762969,1.1776038,-1.4003754,-3.1813836,1.2180761,3.0,3.0,3.0,3.0,3.0,3.0,3.0,3.0,3.0,3.0,3.0,3.0,3.0,3.0,3.0,3.0,3.0,3.0,3.0,3.0,3.0,3.0,3.0,3.0,3.0,3.0,3.0,3.0,3.0,3.0,3.0,3.0,3.0,3.0,3.0,3.0,-2.9953132,-0.7889004,0.9563992,-42.702663
345,-0.040730890279777,1.328527,-0.044262033,0.48564208,0.9909574,-0.09550635,-0.093246944,0.013676179,1.4233253,0.28884253,1.2132397,-1.3141164,-3.4856236,1.2644039,3.0,3.0,3.0,3.0,3.0,3.0,3.0,3.0,3.0,3.0,3.0,3.0,3.0,3.0,3.0,3.0,3.0,3.0,3.0,3.0,3.0,3.0,3.0,3.0,3.0,3.0,3.0,3.0,3.0,3.0,3.0,3.0,3.0,3.0,3.0,3.0,-1.454345,-2.9021204,0.80169916,-42.143044
350,-0.03822016619328117,1.2994487,-0.05078371,0.460343,0.9850738,-0.1087805,-0.13119501,0.024171343,1.3713105,0.33339792,1.2326715,-1.3032124,-3.7572691,1.1006265,3.0,3.0,3.0,3.0,3.0,3.0,3.0,3.0,3.0,3.0,3.0,3.0,3.0,3.0,3.0,3.0,3.0,3.0,3.0,3.0,3.0,3.0,3.0,3.0,3.0,3.0,3.0,3.0,3.0,3.0,3.0,3.0,3.0,3.0,3.0,3.0,0.17335463,3.4795609,0.86372805,-40.41008
355,0.029701095997027582,1.2717617,-0.05838308,0.43424618,0.97754115,-0.12138604,-0.16912234,0.03280765,1.303299,0.38225242,1.2464839,-1.3596916,-3.471053,1.0773727,3.0,3.0,3.0,3.0,3.0,3.0,3.0,3.0,3.0,3.0,3.0,3.0,3.0,3.0,3.0,3.0,3.0,3.0,3.0,3.0,3.0,3.0,3.0,3.0,3.0,3.0,3.0,3.0,3.0,3.0,3.0,3.0,3.0,3.0,3.0,3.0,1.5134869,-0.3156557,0.5492197,-32.614758
360,-0.03950997477013335,1.2458282,-0.06710971,0.40779763,0.9687559,-0.13695812,-0.20212884,0.04357027,1.1942796,0.45016143,1.308856,-1.6098229,-2.9466524,1.1100817,3.0,3.0,3.0,3.0,3.0,3.0,3.0,3.0,3.0,3.0,3.0,3.0,3.0,3.0,3.0,3.0,3.0,3.0,3.0,3.0,3.0,3.0,3.0,3.0,3.0,3.0,3.0,3.0,3.0,3.0,3.0,3.0,3.0,3.0,3.0,3.0,-3.2742672,-3.6304734,0.9536154,-37.715736
365,-0.10679499118966529,1.2225789,-0.07745198,0.37965605,0.95927364,-0.14950879,-0.23393303,0.05212047,1.076789,0.51886356,1.3466249,-1.0401899,-3.1914306,0.9217675,3.0,3.0,3.0,3.0,3.0,3.0,3.0,3.0,3.0,3.0,3.0,3.0,3.0,3.0,3.0,3.0,3.0,3.0,3.0,3.0,3.0,3.0,3.0,3.0,3.0,3.0,3.0,3.0,3.0,3.0,3.0,3.0,3.0,3.0,3.0,3.0,3.6003418,2.476758,0.86834455,-42.14112
370,-0.0812387070756958,1.2007939,-0.088591695,0.3530894,0.948889,-0.15992953,-0.26580417,0.058140453,1.014193,0.55075985,1.2436478,-1.256178,-2.9982555,0.81979847,3.0,3.0,3.0,3.0,3.0,3.0,3.0,3.0,3.0,3.0,3.0,3.0,3.0,2.8970838,2.8049917,2.8010607,2.8846674,3.0,3.0,3.0,3.0,3.0,3.0,3.0,3.0,3.0,3.0,3.0,3.0,3.0,3.0,3.0,3.0,3.0,3.0,3.0,-1.5525818,-1.255306,0.76423407,-37.499813
375,-0.04912620218261432,1.1806722,-0.10056144,0.32824796,0.93847173,-0.17059684,-0.29392797,0.061431963,0.9443299,0.5845915,1.1399242,-1.053995,-2.8252716,0.44918975,3.0,3.0,3.0,3.0,3.0,3.0,3.0,3.0,3.0,3.0,3.0,3.0,2.9127655,2.7222962,2.630221,2.6212087,2.693829,2.8599627,3.0,3.0,3.0,3.0,3.0,3.0,3.0,3.0,3.0,3.0,3.0,3.0,3.0,3.0,3.0,3.0,3.0,3.0,3.9639816,-1.6702449,0.9430413,-32.344574
380,0.1536681639501311,1.1619374,-0.1131771,0.305861,0.92792135,-0.17974195,-0.32047504,0.06285361,0.8745009,0.61677545,1.0228466,-0.83622056,-2.6921053,0.34698898,3.0,3.0,3.0,3.0,3.0,3.0,3.0,3.0,3.0,3.0,3.0,3.0,2.777963,2.5897634,2.4964876,2.4825046,2.545593,2.6960254,2.9609718,3.0,3.0,3.0,3.0,3.0,3.0,3.0,3.0,3.0,3.0,3.0,3.0,3.0,3.0,3.0,3.0,3.0,4.676819,-0.53252554,0.9497392,-9.080029
385,0.14049833652973243,1.1444143,-0.12632991,0.28633875,0.916759,-0.18833627,-0.3464039,0.06392744,0.81837744,0.641136,0.8794667,-0.8340132,-2.683423,0.34543398,3.0,3.0,3.0,3.0,3.0,3.0,3.0,3.0,3.0,3.0,3.0,2.9797344,2.6653562,2.4791222,2.3849463,2.36695,2.4222717,2.5598836,2.8044162,3.0,3.0,3.0,3.0,3.0,3.0,3.0,3.0,3.0,3.0,3.0,3.0,3.0,3.0,3.0,3.0,3.0,2.530212,-2.2220743,0.8965337,-8.6301155
390,-0.07840923194089708,1.1281034,-0.13999873,0.2698435,0.9048364,-0.19674563,-0.3719476,0.06493973,0.7588505,0.66616505,0.7328643,-0.83179116,-2.6748002,0.34386295,3.0,3.0,3.0,3.0,3.0,3.0,3.0,3.0,3.0,3.0,3.0,2.8766744,2.5671668,2.3831682,2.2886705,2.2676547,2.3167748,2.4439733,2.6718493,3.0,3.0,3.0,3.0,3.0,3.0,3.0,3.0,3.0,3.0,3.0,3.0,3.0,3.0,3.0,3.0,3.0,4.0422354,-4.1123967,0.94861054,-28.292494
395,-0.16748071697765746,1.1130729,-0.15419638,0.25644514,0.8921713,-0.20496438,-0.3970874,0.06589001,0.6961249,0.69177294,0.5828202,-0.8295534,-2.6662364,0.34227794,3.0,3.0,3.0,3.0,3.0,3.0,3.0,3.0,3.0,2.974649,3.0,2.7854984,2.4808302,2.299211,2.2047915,2.18149,2.2255921,2.3442116,2.558296,2.912812,3.0,3.0,3.0,3.0,3.0,3.0,3.0,3.0,3.0,3.0,3.0,3.0,3.0,3.0,3.0,3.0,4.5547256,-4.845566,0.91043854,-34.814495
400,-0.03457988082206315,1.0994697,-0.16896836,0.2461553,0.87899244,-0.2126119,-0.42159265,0.06654402,0.6105538,0.7261705,0.44416082,-0.6071745,-2.5373032,0.2884988,3.0,3.0,3.0,3.0,3.0,3.0,3.0,3.0,3.0,2.9167755,3.0,2.7075355,2.4067686,2.2270446,2.1325924,2.1072485,2.1469684,2.258145,2.4603024,2.795506,3.0,3.0,3.0,3.0,3.0,3.0,3.0,3.0,3.0,3.0,3.0,3.0,3.0,3.0,3.0,3.0,3.841034,-4.758124,0.6781974,-18.801819
405,-0.006011378565531883,1.0876005,-0.18442672,0.2388638,0.86600053,-0.21860039,-0.44483197,0.06619252,0.5421649,0.75258225,0.2867307,-0.60830957,-2.5294461,0.2831816,3.0,3.0,3.0,3.0,3.0,3.0,3.0,3.0,3.0,2.8825874,2.9545057,2.6493938,2.3492916,2.1694696,2.0737484,2.0456464,2.0806708,2.184445,2.3750672,2.6917458,3.0,3.0,3.0,3.0,3.0,3.0,3.0,3.0,3.0,3.0,3.0,3.0,3.0,3.0,3.0,3.0,1.1538486,-4.419039,0.9145756,-13.716906
410,-0.033126287843290234,1.0771866,-0.20043753,0.23489802,0.8524031,-0.22445498,-0.46765774,0.0657656,0.4713631,0.77916056,0.12560597,-0.60918826,-2.5216942,0.27775618,3.0,3.0,3.0,3.0,3.0,3.0,3.0,3.0,3.0,2.8483012,2.9610665,2.595887,2.2967288,2.1170766,2.0204268,1.9900428,2.021058,2.1184423,2.2990792,2.5997486,3.0,3.0,3.0,3.0,3.0,3.0,3.0,3.0,3.0,3.0,3.0,3.0,3.0,3.0,3.0,3.0,1.5750303,-4.363801,0.63240314,-13.933748
415,0.01070135516388851,1.0682756,-0.21700335,0.23433666,0.838216,-0.23017177,-0.49005675,0.06526295,0.39835566,0.80583304,-0.039346505,-0.6098071,-2.5140462,0.2722384,3.0,3.0,3.0,3.0,3.0,3.0,3.0,3.0,3.0,2.8136551,2.9670444,2.5463324,2.2483418,2.0690715,1.9717649,1.939483,1.9670461,2.0588634,2.2307715,2.517463,2.9930646,3.0,3.0,3.0,3.0,3.0,3.0,3.0,3.0,3.0,3.0,3.0,3.0,3.0,3.0,3.0,-0.8195224,-2.4856365,0.47161794,-6.947315
420,-0.05031577024972768,1.0613525,-0.23429196,0.23704539,0.8248183,-0.23359062,-0.5109519,0.06354828,0.28056908,0.84853286,-0.1881937,-0.17158203,-2.2642941,0.2346484,3.0,3.0,3.0,3.0,3.0,3.0,3.0,3.0,3.0,3.0,2.9609718,2.5140023,2.2132325,2.0318804,1.9322616,1.8968972,1.9200965,2.0055628,2.1679323,2.439563,2.88938,3.0,3.0,3.0,3.0,3.0,3.0,3.0,3.0,3.0,3.0,3.0,3.0,3.0,3.0,3.0,4.5142546,-4.4783783,0.8812853,-8.90012
425,-0.07274524084091401,1.0566908,-0.25238302,0.24302702,0.8122515,-0.23485465,-0.5304807,0.060671695,0.14905767,0.89476377,-0.33929268,0.08715002,-2.1290796,0.21437608,3.0,3.0,3.0,3.0,3.0,3.0,3.0,3.0,3.0,3.0,2.9429567,2.4957118,2.1885867,2.002959,1.8995627,1.86006,1.8780684,1.9564561,2.1085293,2.3641229,2.7865775,3.0,3.0,3.0,3.0,3.0,3.0,3.0,3.0,3.0,3.0,3.0,3.0,3.0,3.0,3.0,4.0164337,-4.249139,0.7931032,7.6278687
430,-0.08116475861108492,1.0545565,-0.27134952,0.2522874,0.80037344,-0.23429985,-0.5488968,0.056729462,0.071213804,0.920743,-0.5150445,0.08124006,-2.125179,0.19913584,3.0,3.0,3.0,3.0,3.0,3.0,3.0,3.0,3.0,3.0,2.9145448,2.4882727,2.1716883,1.9799391,1.8715563,1.8270564,1.8392092,1.9099461,2.051158,2.2900555,2.6842482,3.0,3.0,3.0,3.0,3.0,3.0,3.0,3.0,3.0,3.0,3.0,3.0,3.0,3.0,3.0,4.270132,-2.0772493,-0.3265791,5.9530983
435,-0.1502158340939937,1.0540584,-0.29085103,0.2652477,0.78811777,-0.23376003,-0.56696767,0.052672274,-0.007770329,0.94622695,-0.6938727,0.07606704,-2.1211705,0.18375085,3.0,3.0,3.0,3.0,3.0,3.0,3.0,3.0,3.0,3.0,2.8856206,2.4796443,2.1540456,1.9565797,1.8435903,1.7944862,1.8012397,1.8649232,1.9961498,2.2197945,2.5884476,3.0,3.0,3.0,3.0,3.0,3.0,3.0,3.0,3.0,3.0,3.0,3.0,3.0,3.0,3.0,2.9470596,-2.2581334,-0.5018928,10.917255
440,-0.14399427032084391,1.0552181,-0.31087732,0.28197205,0.7754951,-0.233233,-0.58468574,0.048500147,-0.08771424,0.9712213,-0.87577575,0.071630925,-2.117053,0.16825753,3.0,3.0,3.0,3.0,3.0,3.0,3.0,3.0,3.0,3.0,3.0,2.4697042,2.1355138,1.9327116,1.8154652,1.7621092,1.7638637,1.8210074,1.9429909,2.1525917,2.497959,3.0,3.0,3.0,3.0,3.0,3.0,3.0,3.0,3.0,3.0,3.0,3.0,3.0,3.0,3.0,4.4226303,-3.434133,0.7931459,5.368126
445,-0.16815895040239598,1.0580534,-0.33141834,0.30252433,0.7625164,-0.23271659,-0.602044,0.044213217,-0.16843191,0.9957355,-1.0607362,0.06793,-2.112825,0.15269195,3.0,3.0,3.0,3.0,3.0,3.0,3.0,3.0,3.0,3.0,3.0,2.4583054,2.1159298,1.9081539,1.7869762,1.7296877,1.7267964,1.7778435,1.8912145,2.0877867,2.411742,2.9611957,3.0,3.0,3.0,3.0,3.0,3.0,3.0,3.0,3.0,3.0,3.0,3.0,3.0,3.0,4.4632664,-3.4010408,-0.5110782,4.0497704
450,-0.22450744089563934,1.0625778,-0.35246417,0.3269678,0.7491924,-0.2322085,-0.61903554,0.039811768,-0.24973339,1.0197818,-1.2487227,0.06496087,-2.1084852,0.1370896,3.0,3.0,3.0,3.0,3.0,3.0,3.0,3.0,3.0,3.0,3.0,2.4452744,2.0951107,1.8827114,1.7579104,1.6969827,1.6897596,1.7350943,1.8403896,2.0247872,2.3288922,2.842108,3.0,3.0,3.0,3.0,3.0,3.0,3.0,3.0,3.0,3.0,3.0,3.0,3.0,3.0,4.6157207,-2.9906487,0.1844424,7.291954
455,-0.371558134497734,1.0688013,-0.37400526,0.35536504,0.7355341,-0.23170647,-0.6356539,0.03529621,-0.3314262,1.0433749,-1.4396907,0.06271858,-2.1040335,0.121485494,3.0,3.0,3.0,3.0,3.0,3.0,3.0,3.0,3.0,3.0,3.0,2.4304059,2.0728498,1.8561726,1.728044,1.6637502,1.6524776,1.6924345,1.790111,1.963052,2.2486115,2.7284057,3.0,3.0,3.0,3.0,3.0,3.0,3.0,3.0,3.0,3.0,3.0,3.0,3.0,3.0,4.8074884,-3.0147111,-0.4037974,-19.413969
460,-0.46185783670008945,1.0767294,-0.39603242,0.38777745,0.72155243,-0.23120815,-0.6518929,0.030667081,-0.41331634,1.0665314,-1.6335843,0.061196577,-2.0994692,0.10591401,3.0,3.0,3.0,3.0,3.0,3.0,3.0,3.0,3.0,3.0,3.0,2.4134605,2.0489137,1.8283052,1.6971394,1.6297379,1.6146725,1.6495446,1.739992,1.9020802,2.1701825,2.618895,3.0,3.0,3.0,3.0,3.0,3.0,3.0,3.0,3.0,3.0,3.0,3.0,3.0,3.0,3.3473396,-0.39461994,0.68876123,-25.240778
465,-0.5459148180690224,1.086364,-0.41853672,0.42426515,0.7072585,-0.23071116,-0.6677467,0.025925055,-0.49520916,1.0892692,-1.8303357,0.060386844,-2.0947926,0.090408824,3.0,3.0,3.0,3.0,3.0,3.0,3.0,3.0,3.0,3.0,3.0,2.3941567,2.0230377,1.798854,1.6649413,1.5946814,1.5760602,1.6061062,1.6896572,1.8413982,2.0929506,2.5125275,3.0,3.0,3.0,3.0,3.0,3.0,3.0,3.0,3.0,3.0,3.0,3.0,3.0,3.0,3.8532124,-2.4599051,0.8672607,-29.553288
470,-0.5744680413842875,1.0977026,-0.44150972,0.46488672,0.6926633,-0.23021312,-0.68320966,0.021070926,-0.5769102,1.1116073,-2.0298667,0.060279883,-2.090004,0.07500288,3.0,3.0,3.0,3.0,3.0,3.0,3.0,3.0,3.0,3.0,3.0,2.3721662,1.9949206,1.7675351,1.6311728,1.5583007,1.5363462,1.5617967,1.6387355,1.780552,2.0163083,2.4083686,3.0,3.0,3.0,3.0,3.0,3.0,3.0,3.0,3.0,3.0,3.0,3.0,3.0,3.0,1.7938137,-2.3352873,0.70403934,-28.476866
475,-0.7398610118916882,1.1107389,-0.4649433,0.509699,0.67777795,-0.22971159,-0.69827664,0.016105615,-0.6582258,1.1335658,-2.2320883,0.060864817,-2.0851038,0.059728283,3.0,3.0,3.0,3.0,3.0,3.0,3.0,3.0,3.0,3.0,3.0,2.347103,1.9642183,1.7340318,1.5955312,1.5202955,1.4952215,1.5162851,1.5868553,1.7190988,1.9396819,2.3055708,2.9521432,3.0,3.0,3.0,3.0,3.0,3.0,3.0,3.0,3.0,3.0,3.0,3.0,3.0,1.69489,-0.8842845,0.63286567,-40.82608
480,-0.757570639706834,1.1254622,-0.48882982,0.55875677,0.6626136,-0.22920416,-0.71294254,0.011030169,-0.7389637,1.1551648,-2.4369013,0.062129427,-2.0800927,0.044616316,3.0,3.0,3.0,3.0,3.0,3.0,3.0,3.0,3.0,3.0,3.0,2.3185146,1.9305357,1.6979878,1.5576824,1.4803407,1.4523576,1.4692265,1.5336381,1.6565992,1.8625206,2.2033532,2.8010385,3.0,3.0,3.0,3.0,3.0,3.0,3.0,3.0,3.0,3.0,3.0,3.0,3.0,3.8557577,3.8855658,0.29308116,-37.79487
485,-0.6159922347763465,1.1418583,-0.5131621,0.6121127,0.6471812,-0.22868833,-0.72720283,0.005845755,-0.81893384,1.1764255,-2.6441975,0.064060204,-2.0749724,0.029697316,3.0,3.0,3.0,3.0,3.0,3.0,3.0,3.0,3.0,3.0,2.9984646,2.285866,1.8934174,1.659,1.5172551,1.4380808,1.4074022,1.4202576,1.4786935,1.5926114,1.784287,2.1009839,2.6523445,3.0,3.0,3.0,3.0,3.0,3.0,3.0,3.0,3.0,3.0,3.0,3.0,3.0,-4.164356,-1.5829396,0.90213823,-18.443296
490,-0.891744230690315,1.1605176,-0.53811806,0.66991836,0.6336158,-0.2250207,-0.74020046,5.294192e-05,-0.93262315,1.2078689,-2.8596284,0.40614247,-1.8333378,0.22351001,3.0,3.0,3.0,3.0,3.0,3.0,3.0,3.0,3.0,3.0,2.9971833,2.2588215,1.8576334,1.6192406,1.4747895,1.3928552,1.3586551,1.3666232,1.4180254,1.5214816,1.6968371,1.9860858,2.4852414,3.0,3.0,3.0,3.0,3.0,3.0,3.0,3.0,3.0,3.0,3.0,3.0,3.0,0.6208129,2.7189999,0.95875454,-41.829266
495,-0.9420234323156448,1.1809232,-0.56353724,0.73213196,0.62032765,-0.22064804,-0.7526435,-0.0059777517,-1.0105629,1.2282184,-3.0708816,0.40867677,-1.8301929,0.20565306,3.0,3.0,3.0,3.0,3.0,3.0,3.0,3.0,3.0,3.0,2.9949625,2.2280262,1.8177717,1.5755346,1.4285692,1.3440357,1.3064251,1.3095695,1.353968,1.4469916,1.6061425,1.8684158,2.317209,3.0,3.0,3.0,3.0,3.0,3.0,3.0,3.0,3.0,3.0,3.0,3.0,3.0,3.5673962,-1.0929575,0.6272814,-41.976173
500,-1.0094936778518706,1.2029392,-0.5893742,0.7987662,0.606832,-0.21631011,-0.7647336,-0.012135978,-1.087411,1.24808,-3.2836823,0.41190436,-1.8267107,0.18806125,3.0,3.0,3.0,3.0,3.0,3.0,3.0,3.0,3.0,3.0,2.985622,2.190082,1.7718072,1.5266285,1.3778318,1.2912134,1.2505926,1.2492498,1.2869719,1.3699647,1.5135581,1.7501826,2.1520078,2.9080205,3.0,3.0,3.0,3.0,3.0,3.0,3.0,3.0,3.0,3.0,3.0,3.0,1.8228297,-0.6955929,0.12477386,-43.945766
505,-1.0324248201881518,1.2265409,-0.61561936,0.8698518,0.59313864,-0.21200532,-0.77646697,-0.018420296,-1.1630245,1.2675048,-3.4979103,0.4158065,-1.8228943,0.17076705,3.0,3.0,3.0,3.0,3.0,3.0,3.0,3.0,3.0,3.0,2.9677494,2.1438534,1.7188891,1.4718533,1.3220233,1.2339071,1.190722,1.185253,1.2166318,1.2899784,1.418605,1.6307615,1.9885819,2.6507487,3.0,3.0,3.0,3.0,3.0,3.0,3.0,3.0,3.0,3.0,3.0,3.0,-1.4911582,1.791296,0.23657572,-41.238358
510,-1.1076299186867746,1.251701,-0.6422643,0.945417,0.5792572,-0.20773202,-0.7878401,-0.024829121,-1.2372642,1.2865437,-3.7134392,0.42036328,-1.8187475,0.15380178,3.0,3.0,3.0,3.0,3.0,3.0,3.0,3.0,3.0,3.0,2.9395213,2.0879452,1.6580017,1.4104259,1.2605048,1.1715705,1.126326,1.1171273,1.142511,1.2065891,1.3207984,1.5095513,1.8259804,2.4026136,3.0,3.0,3.0,3.0,3.0,3.0,3.0,3.0,3.0,3.0,3.0,3.0,-3.598324,0.7498894,0.68228865,-43.630013
515,-1.1666231552788573,1.2784145,-0.6693094,1.0254962,0.5659449,-0.20268776,-0.7985312,-0.031176427,-1.3115225,1.3057054,-3.9306638,0.48290744,-1.7195592,0.22030738,3.0,3.0,3.0,3.0,3.0,3.0,3.0,3.0,3.0,3.0,2.8999038,2.0207283,1.5876375,1.3409784,1.1920043,1.1029835,1.0561969,1.0436382,1.0633029,1.118356,1.2184653,1.384461,1.6612562,2.158357,3.0,3.0,3.0,3.0,3.0,3.0,3.0,3.0,3.0,3.0,3.0,3.0,-2.336154,3.0205517,0.63399684,-44.547714
520,-1.2150431439288307,1.3066304,-0.6967411,1.110103,0.55265677,-0.1974783,-0.80880105,-0.037598077,-1.3827095,1.3240234,-4.1482077,0.48828083,-1.7156727,0.2040948,3.0,3.0,3.0,3.0,3.0,3.0,3.0,3.0,3.0,3.0,2.8442028,1.9396247,1.5063194,1.2626189,1.1159784,1.0278357,0.9802001,0.96480083,0.97916937,1.0256059,1.1121404,1.256313,1.4956459,1.9196818,2.7979543,3.0,3.0,3.0,3.0,3.0,3.0,3.0,3.0,3.0,3.0,3.0,-2.5691602,2.4567385,0.757604,-44.30134
525,-1.2624313841848684,1.3363088,-0.7245503,1.1992513,0.53921545,-0.19230324,-0.81872946,-0.044138335,-1.4522444,1.3420117,-4.366471,0.49421555,-1.7114304,0.1882582,3.0,3.0,3.0,3.0,3.0,3.0,3.0,3.0,3.0,3.0,2.7676184,1.8418462,1.4123322,1.1741909,1.0315926,0.9454964,0.8978433,0.88022506,0.88980085,0.9280971,1.0016413,1.1249675,1.3289768,1.6859438,2.4050124,3.0,3.0,3.0,3.0,3.0,3.0,3.0,3.0,3.0,3.0,3.0,-1.423028,1.8889942,0.8647274,-43.9927
530,-1.3227649859086072,1.3674141,-0.7527307,1.2929541,0.5256298,-0.18716116,-0.8283138,-0.050795324,-1.5200151,1.359724,-4.585317,0.50068957,-1.7068379,0.17282344,3.0,3.0,3.0,3.0,3.0,3.0,3.0,3.0,3.0,3.0,2.6640246,1.7239132,1.3035192,1.0742029,0.9377291,0.8550758,0.80838543,0.78926986,0.794624,0.8252988,0.88645285,0.9898792,1.1605481,1.4557775,2.0354042,3.0,3.0,3.0,3.0,3.0,3.0,3.0,3.0,3.0,3.0,3.0,1.6328716,-0.77089834,0.9714844,-44.920666
535,-1.3756915107206378,1.399908,-0.78127724,1.391222,0.51190877,-0.18205065,-0.83755183,-0.057567045,-1.5859144,1.3772132,-4.804606,0.5076802,-1.7019014,0.1578152,3.0,3.0,3.0,3.0,3.0,3.0,3.0,3.0,3.0,3.0,2.5246637,1.5813153,1.1772145,0.9608637,0.83307254,0.7555448,0.71098197,0.6912156,0.69300556,0.716636,0.76603204,0.85049665,0.98969424,1.2279857,1.6848433,2.8194568,3.0,3.0,3.0,3.0,3.0,3.0,3.0,3.0,3.0,3.0,-1.7992556,3.33646,0.9094771,-44.963722
540,-1.4260999865878676,1.4337503,-0.8101859,1.4940625,-0.49806097,0.17697015,0.84644127,0.064451374,-1.6498398,1.3945318,-5.0241942,0.51516396,-1.6966279,0.14325684,3.0,3.0,3.0,3.0,3.0,3.0,3.0,3.0,3.0,1.9607965,2.3365815,1.4081062,1.0300852,0.83200485,0.71606606,0.64570713,0.60466653,0.58525103,0.58424324,0.6014833,0.6398029,0.7062566,0.8157748,1.0015074,1.3498511,2.17089,3.0,3.0,3.0,3.0,3.0,3.0,3.0,3.0,3.0,3.0,-4.8397584,0.7439418,0.6489248,-44.784977
545,-1.4761087609489458,1.4688987,-0.8394538,1.6014799,-0.48409525,0.1719182,0.85498035,0.07144606,-1.7116939,1.4117316,-5.243936,0.5231169,-1.6910247,0.12917049,3.0,3.0,3.0,3.0,3.0,3.0,3.0,3.0,3.0,1.9259285,2.079787,1.1962904,0.8579144,0.68497807,0.5848549,0.5241643,0.488328,0.47045812,0.4675548,0.47915676,0.50715077,0.5565795,0.63816804,0.775392,1.0275706,1.594645,3.0,3.0,3.0,3.0,3.0,3.0,3.0,3.0,3.0,3.0,-4.950173,0.3468151,0.9448122,-44.67401
550,-1.5262023102955267,1.5053087,-0.8690791,1.7134755,-0.47002023,0.1668932,0.8631673,0.07854875,-1.7713847,1.4288632,-5.463683,0.5315144,-1.6850998,0.115576975,3.0,3.0,3.0,3.0,3.0,3.0,3.0,3.0,3.0,1.8915082,1.7217511,0.9348642,0.6552897,0.51651746,0.4372124,0.38927218,0.3606826,0.34579304,0.34206548,0.3489057,0.36741665,0.40086427,0.45626333,0.54877836,0.71562785,1.0751984,2.3015594,3.0,3.0,3.0,3.0,3.0,3.0,3.0,3.0,3.0,-4.823264,1.2711487,0.96724653,-44.60492
555,-101.58219971661129,1.5429344,-0.89906096,1.8300476,-0.4558445,0.16189358,0.8710006,0.085756965,-1.8288258,1.4459765,-5.683284,0.54033154,-1.6788619,0.1024958,3.0,3.0,3.0,3.0,3.0,3.0,3.0,3.0,1.8161926,1.8575072,1.2057844,0.6082661,0.4151537,0.3225508,0.27044374,0.23908482,0.22023916,0.21006374,0.20679285,0.20990226,0.21988983,0.23848358,0.26945585,0.32087868,0.4120295,0.601021,1.1763251,3.0,3.0,3.0,3.0,3.0,3.0,3.0,3.0,3.0,-4.793533,-4.2908087,0.9812896,-44.979332
